"TITLE","PRICE","CONDITION","DESCRIPTION","CATEGORY"
"Ariens Deluxe 28 Snowblower — Good Condition","725","Used - Good","Ariens Deluxe 28 Snowblower for sale in good condition.

Key features:
• 28 inch clearing width
• electric start
• self-propelled drive
• steel chute
• powerful gas engine

Condition notes: Starts and runs well. Normal scuffs from seasonal use. Auger and chute operate correctly.

Included: Snowblower, clean fuel can, original manual

Located in Reno, NV. Clean, honest listing and ready for an easy local pickup.

#FacebookMarketplace #LocalPickup #ForSale #Ariens #Deluxe #Snowblower #inch #clearing #width #electric","Tools & Outdoor Power Equipment"
"Marcy Home Gym - Like New Condition","364","Used - Like New","Transform your home workouts with the Marcy Home Gym! This multi-function workout station features an adjustable seat, high and low pulley system, dual-action press arms, and a leg developer. Perfect for building strength and achieving your fitness goals from the comfort of your home. Included are the workout station, seat, press arms, pulley system, and leg developer. Don't miss out on this fantastic deal!

#HomeGym #Fitness #Workout #StrengthTraining","Fitness Equipment"
"Marcy Home Gym","450","Used - Good","Get fit at home with this versatile Marcy Home Gym! This multi-function workout station includes an adjustable weight stack, high and low pulley system, dual action press arms, and a leg developer for a complete workout experience. Ideal for any fitness level.

#HomeGym #Fitness #WorkoutStation #Marcy #ExerciseEquipment","Fitness Equipment"